Brand,Case Material,Strap Material,Movement Type,Water Resistance,Case Diameter (mm),Case Thickness (mm),Band Width (mm),Dial Color,Crystal Material,Power Reserve,Price (USD)
Rolex,Stainless Steel,Stainless Steel,Automatic,300 meters,40,13,20,Black,Sapphire,48 hours,"9,500"
Omega,Titanium,Rubber,Automatic,600 meters,43.5,14.47,21,Blue,Sapphire,60 hours,"5,800"
Tag Heuer,Stainless Steel,Leather,Automatic,100 meters,41,13,20,White,Sapphire,42 hours,"4,200"
Breitling,Stainless Steel,Stainless Steel,Automatic,30 meters,43,14.25,22,Black,Sapphire,70 hours,"7,900"
Cartier,Stainless Steel,Leather,Quartz,30 meters,31,6.05,20,Silver,Sapphire,N/A,"2,800"
Jaeger-LeCoultre,Stainless Steel,Leather,Manual,30 meters,42.9,9.2,20,Black,Sapphire,45 hours,"5,500"
Seiko,Stainless Steel,Rubber,Automatic,200 meters,44.3,12.9,20,Black,Sapphire,50 hours,"1,400"
Citizen,Stainless Steel,Stainless Steel,Eco-Drive,200 meters,42,13,22,Black,Mineral,270 days,"1,200"
Tissot,Stainless Steel,Leather,Automatic,30 meters,39.3,9.75,19,White,Sapphire,38 hours,650
Hamilton,Stainless Steel,Leather,Automatic,100 meters,38,9.8,20,Black,Sapphire,80 hours,495
Longines,Stainless Steel,Leather,Automatic,30 meters,38.5,9.7,20,Silver,Sapphire,64 hours,"1,150"
Oris,Stainless Steel,Textile,Automatic,100 meters,41,12,20,Black,Sapphire,38 hours,"1,800"
Bell & Ross,Stainless Steel,Rubber,Automatic,100 meters,42,11.5,24,Black,Sapphire,42 hours,"4,500"
Breguet,18k White Gold,Leather,Manual,30 meters,38,8.65,20,Silver,Sapphire,40 hours,"16,000"
Audemars Piguet,Stainless Steel,Stainless Steel,Automatic,50 meters,41,9.8,20,Silver,Sapphire,60 hours,"22,000"
Vacheron Constantin,Stainless Steel,Rubber,Automatic,150 meters,41,11,22,Blue,Sapphire,40 hours,"19,000"
Omega,Stainless Steel,Stainless Steel,Automatic,50 meters,42,14.5,20,Black,Sapphire,60 hours,"4,500"
Breitling,Stainless Steel,Rubber,Automatic,500 meters,42,13.3,20,Blue,Sapphire,38 hours,"3,200"
Panerai,Stainless Steel,Leather,Manual,100 meters,44,10.5,22,Black,Sapphire,56 hours,"3,900"
Tudor,Stainless Steel,Leather,Automatic,200 meters,41,11.9,22,Black,Sapphire,70 hours,"3,500"
Rolex,Stainless Steel,Stainless Steel,Automatic,100 meters,40,12.5,20,Black,Sapphire,48 hours,"14,000"
IWC,Stainless Steel,Leather,Automatic,60 meters,41,12.5,20,Black,Sapphire,42 hours,"4,800"
Jaeger-LeCoultre,Stainless Steel,Leather,Automatic,50 meters,39,7.58,20,Silver,Sapphire,70 hours,"7,500"
Bell & Ross,Ceramic,Rubber,Automatic,100 meters,42,9.3,22,Black,Sapphire,"4,200",
Montblanc,Stainless Steel,Leather,Automatic,100 meters,42,11.2,22,Black,Sapphire,42 hours,"6,200"
Cartier,Stainless Steel,Leather,Quartz,30 meters,38,7.5,18,Silver,Sapphire,N/A,"3,500"
Audemars Piguet,Stainless Steel,Stainless Steel,Automatic,50 meters,41,10.4,20,Black,Sapphire,60 hours,"21,000"
Rolex,Stainless Steel,Jubilee,Automatic,100 meters,36,12,20,Silver,Sapphire,70 hours,"9,000"
Omega,Stainless Steel,Stainless Steel,Manual,50 meters,42,14.3,20,Black,Hesalite,48 hours,"5,250"
IWC,Stainless Steel,Alligator,Automatic,30 meters,40.4,12.3,20,Silver,Sapphire,60 hours,"8,800"
Audemars Piguet,Stainless Steel,Stainless Steel,Automatic,50 meters,41,10.4,20,Black,Sapphire,60 hours,"17,800"
Blancpain,Stainless Steel,Canvas,Automatic,300 meters,45,15.4,23,Black,Sapphire,120 hours,"11,500"
Zenith,Stainless Steel,Alligator,Automatic,100 meters,42,12.75,20,Silver,Sapphire,50 hours,"6,500"
Breguet,18K Rose Gold,Leather,Automatic,30 meters,39,8.65,20,Silver,Sapphire,45 hours,"23,500"
Piaget,Stainless Steel,Stainless Steel,Automatic,100 meters,42,9.4,24,Blue,Sapphire,50 hours,"10,000"
Ulysse Nardin,Stainless Steel,Rubber,Automatic,100 meters,44,12.5,22,Blue,Sapphire,60 hours,"9,500"
Vacheron Constantin,Stainless Steel,Stainless Steel,Automatic,150 meters,41,11,20,Silver,Sapphire,60 hours,"21,500"
Jaquet Droz,Stainless Steel,Leather,Automatic,30 meters,43,12.27,23,Black,Sapphire,68 hours,"9,800"
Audemars Piguet,Stainless Steel,Stainless Steel,Automatic,50 meters,41,10.4,20,Blue,Sapphire,60 hours,"19,900"
Blancpain,Stainless Steel,Canvas,Automatic,300 meters,45,15.5,22,Black,Sapphire,120 hours,"14,400"
Breguet,Stainless Steel,Leather,Automatic,100 meters,42,13.85,22,Silver,Sapphire,48 hours,"9,500"
Bulgari,Titanium,Leather,Automatic,100 meters,40,5.15,28,Black,Sapphire,60 hours,"12,800"
Chopard,Stainless Steel,Leather,Automatic,50 meters,44,13.7,20,Black,Sapphire,42 hours,"6,500"
Girard-Perregaux,Stainless Steel,Stainless Steel,Automatic,100 meters,42,10.88,20,Blue,Sapphire,54 hours,"7,800"
Glashütte Original,Stainless Steel,Leather,Automatic,50 meters,42,12.2,21,Silver,Sapphire,40 hours,"9,200"
Hublot,Titanium,Rubber,Automatic,50 meters,42,9.3,20,Black,Sapphire,42 hours,"6,500"
IWC,Stainless Steel,Leather,Automatic,30 meters,41,12.3,22,Silver,Sapphire,60 hours,"8,400"
Jaquet Droz,Stainless Steel,Leather,Automatic,30 meters,43,12.13,23,Silver,Sapphire,68 hours,"6,200"
Longines,Stainless Steel,Leather,Automatic,30 meters,38.5,9.3,20,Blue,Sapphire,42 hours,"1,600"
Patek Philippe,Stainless Steel,Stainless Steel,Automatic,120 meters,40.5,8.3,20,Blue,Sapphire,45 hours,"29,800"
Audemars Piguet,Stainless Steel,Stainless Steel,Automatic,50 meters,41,9.8,20,Blue,Sapphire,60 hours,"24,500"
IWC,Stainless Steel,Leather,Automatic,30 meters,41,12.3,22,Silver,Sapphire,60 hours,"7,950"
Hublot,Titanium,Rubber,Automatic,50 meters,42,10.5,22,Black,Sapphire,42 hours,"8,200"
Blancpain,Stainless Steel,Canvas,Automatic,300 meters,45,15.4,23,Black,Sapphire,120 hours,"11,500"
Zenith,Stainless Steel,Leather,Automatic,100 meters,42,13.1,22,Silver,Sapphire,50 hours,"9,400"
Girard-Perregaux,Stainless Steel,Stainless Steel,Automatic,100 meters,38,10.88,25,Blue,Sapphire,54 hours,"6,700"
Chopard,Stainless Steel,Leather,Automatic,50 meters,42,11.43,20,Black,Sapphire,42 hours,"6,100"
Vacheron Constantin,Stainless Steel,Stainless Steel,Automatic,150 meters,41,11,22,Blue,Sapphire,60 hours,"16,300"
Montblanc,Stainless Steel,Leather,Automatic,100 meters,42,12.8,22,Black,Sapphire,38 hours,"3,600"
Ulysse Nardin,Stainless Steel,Rubber,Automatic,300 meters,44,12.5,22,Black,Sapphire,60 hours,"9,500"
Rolex,Stainless Steel,Stainless Steel,Automatic,100 meters,41,11.2,20,Silver,Sapphire,70 hours,"8,900"
Patek Philippe,Stainless Steel,Stainless Steel,Automatic,120 meters,40.8,8.3,20,Blue,Sapphire,48 hours,"44,500"
Audemars Piguet,Stainless Steel,Stainless Steel,Automatic,50 meters,41,10.4,20,Blue,Sapphire,60 hours,"17,000"
Tudor,Stainless Steel,Fabric,Automatic,200 meters,41,12.7,22,Black,Sapphire,70 hours,"4,500"
IWC,Stainless Steel,Leather,Automatic,30 meters,41,12.3,22,Silver,Sapphire,46 hours,"8,300"
Panerai,Stainless Steel,Leather,Automatic,300 meters,44,13.05,24,Black,Sapphire,72 hours,"8,900"
Blancpain,Stainless Steel,Fabric,Automatic,300 meters,43.6,13.83,23,Black,Sapphire,120 hours,"12,000"
Hublot,Titanium,Rubber,Automatic,50 meters,45,10.95,24,Blue,Sapphire,42 hours,"7,500"
Zenith,Stainless Steel,Leather,Automatic,50 meters,42,14.05,22,Silver,Sapphire,50 hours,"6,900"
Vacheron Constantin,Stainless Steel,Stainless Steel,Automatic,50 meters,41,11,20,Blue,Sapphire,60 hours,"15,500"
Girard-Perregaux,Stainless Steel,Stainless Steel,Automatic,100 meters,42,10.88,22,Black,Sapphire,54 hours,"11,200"
Audemars Piguet,Stainless Steel,Stainless Steel,Automatic,50 meters,39,9.4,20,Blue,Sapphire,60 hours,"18,900"
Patek Philippe,Stainless Steel,Stainless Steel,Automatic,120 meters,40.5,8.3,20,Blue,Sapphire,45 hours,"49,800"
IWC,Stainless Steel,Leather,Automatic,60 meters,41,12.5,20,Black,Sapphire,44 hours,"5,500"
Panerai,Titanium,Rubber,Automatic,300 meters,44,15.65,24,Black,Sapphire,72 hours,"9,600"
Breguet,Stainless Steel,Leather,Automatic,100 meters,39.5,14.1,20,Black,Sapphire,48 hours,"8,800"
Blancpain,Stainless Steel,Rubber,Automatic,300 meters,43,13.4,23,Black,Sapphire,120 hours,"14,700"
Girard-Perregaux,Stainless Steel,Stainless Steel,Automatic,100 meters,42,10.88,22,Blue,Sapphire,54 hours,"10,600"
Vacheron Constantin,Stainless Steel,Stainless Steel,Automatic,150 meters,41,11,20,Black,Sapphire,60 hours,"19,200"
Zenith,Stainless Steel,Leather,Automatic,100 meters,38,12.15,19,Silver,Sapphire,50 hours,"7,500"
Chopard,Stainless Steel,Leather,Automatic,50 meters,42,12.67,20,Black,Sapphire,48 hours,"5,600"
Longines,Stainless Steel,Stainless Steel,Automatic,300 meters,43,12.75,22,Blue,Sapphire,64 hours,"1,400"
Rolex,Stainless Steel,Stainless Steel,Automatic,300 meters,40,13,20,Black,Sapphire,48 hours,"9,500"
Omega,Titanium,Rubber,Automatic,600 meters,43.5,14.47,21,Blue,Sapphire,60 hours,"5,800"
Tag Heuer,Stainless Steel,Leather,Automatic,100 meters,41,13,20,White,Sapphire,42 hours,"4,200"
Breitling,Stainless Steel,Stainless Steel,Automatic,30 meters,43,14.25,22,Black,Sapphire,70 hours,"7,900"
Cartier,Stainless Steel,Leather,Quartz,30 meters,31,6.05,20,Silver,Sapphire,N/A,"2,800"
Jaeger-LeCoultre,Stainless Steel,Leather,Manual,30 meters,42.9,9.2,20,Black,Sapphire,45 hours,"5,500"
Tudor,Stainless Steel,Leather,Automatic,200 meters,41,12.75,22,Black,Sapphire,70 hours,"3,500"
Seiko,Stainless Steel,Silicone,Automatic,200 meters,42.3,13.4,22,Blue,Hardlex,50 hours,650
Citizen,Titanium,Titanium,Eco-Drive,200 meters,46.5,15,23,Black,Sapphire,210 days,995
Hamilton,Stainless Steel,Leather,Automatic,100 meters,38,9.85,20,Black,Sapphire,80 hours,545
Bulova,Stainless Steel,Stainless Steel,Quartz,300 meters,46.5,17.5,24,Black,Mineral,N/A,650
Omega,Stainless Steel,Stainless Steel,Manual,50 meters,42,14.3,20,Black,Hesalite,48 hours,"5,500"
Breitling,Stainless Steel,Rubber,Automatic,200 meters,42,14.35,22,Black,Sapphire,38 hours,"4,800"
Jaeger-LeCoultre,Stainless Steel,Leather,Automatic,50 meters,40,8.8,20,Silver,Sapphire,70 hours,"6,500"
Cartier,Stainless Steel,Stainless Steel,Automatic,100 meters,39.8,9.08,21.5,Silver,Sapphire,42 hours,"7,500"
Zenith,Stainless Steel,Leather,Automatic,50 meters,40.5,9.15,20,Silver,Sapphire,50 hours,"4,500"
Panerai,Stainless Steel,Leather,Manual,100 meters,44,10.5,24,Black,Sapphire,56 hours,"5,800"
Audemars Piguet,Stainless Steel,Stainless Steel,Automatic,50 meters,41,10.4,20,Silver,Sapphire,60 hours,"21,000"
IWC,Stainless Steel,Leather,Automatic,60 meters,41,10.86,20,Black,Sapphire,42 hours,"3,800"
Tudor,Stainless Steel,Leather,Automatic,200 meters,41,12.7,22,Black,Sapphire,70 hours,"3,900"
Longines,Stainless Steel,Stainless Steel,Quartz,50 meters,41,12.1,20,Black,Sapphire,N/A,"1,500"
Sinn,Stainless Steel,Rubber,Automatic,1000 meters,44,14.3,22,Black,Sapphire,38 hours,"2,500"
Patek Philippe,Stainless Steel,Stainless Steel,Automatic,120 meters,40.8,8.3,20,Blue,Sapphire,45 hours,"38,000"
Audemars Piguet,Rose Gold,Rose Gold,Automatic,50 meters,41,9.8,20,Blue,Sapphire,60 hours,"55,000"
Vacheron Constantin,Stainless Steel,Stainless Steel,Automatic,150 meters,41,11,22,Blue,Sapphire,40 hours,"21,000"
A. Lange & Sohne,White Gold,Leather,Manual,30 meters,38.5,7.8,18,Silver,Sapphire,45 hours,"23,000"
Breguet,Rose Gold,Leather,Manual,30 meters,38.5,8.25,20,Silver,Sapphire,65 hours,"23,000"
IWC,Stainless Steel,Leather,Automatic,30 meters,41,12.3,22,Blue,Sapphire,60 hours,"8,500"
Blancpain,Stainless Steel,Fabric,Automatic,300 meters,45,15.5,23,Black,Sapphire,120 hours,"14,000"
Hublot,Titanium,Rubber,Automatic,100 meters,44,14.5,24,Blue,Sapphire,72 hours,"16,000"
Panerai,Stainless Steel,Leather,Automatic,300 meters,44,15.65,24,Black,Sapphire,72 hours,"8,500"
Zenith,Stainless Steel,Leather,Automatic,100 meters,42,12.75,20,Silver,Sapphire,50 hours,"6,000"
Piaget,White Gold,Leather,Manual,30 meters,38,6.1,20,Silver,Sapphire,43 hours,"16,500"
Seiko,Stainless Steel,Silicone,Automatic,200 meters,44.3,12.7,20,Blue,Sapphire,41 hours,"1,200"
Panerai,Stainless Steel,Leather,Automatic,30 meters,38,11.2,20,Black,Sapphire,72 hours,"6,500"
IWC,Stainless Steel,Leather,Automatic,30 meters,41,12.3,22,Blue,Sapphire,46 hours,"9,800"
Blancpain,Titanium,Rubber,Automatic,300 meters,45,15.5,23,Black,Sapphire,120 hours,"16,800"
Audemars Piguet,Stainless Steel,Stainless Steel,Automatic,50 meters,41,9.5,20,Black,Sapphire,60 hours,"19,800"
Patek Philippe,Stainless Steel,Stainless Steel,Automatic,120 meters,40.8,8.3,20,Blue,Sapphire,45 hours,"47,000"
Breguet,18K Rose Gold,Leather,Automatic,30 meters,40,6.8,20,White,Sapphire,55 hours,"19,000"
Vacheron Constantin,18K White Gold,Leather,Manual,30 meters,40,6.79,20,Silver,Sapphire,65 hours,"18,500"
Chopard,Stainless Steel,Leather,Automatic,50 meters,44,14.97,22,Black,Sapphire,42 hours,"5,800"
Longines,Stainless Steel,Stainless Steel,Automatic,300 meters,41,13.2,20,Black,Sapphire,54 hours,"2,200"
Montblanc,Stainless Steel,Leather,Manual,30 meters,44,12.3,22,Black,Sapphire,50 hours,"3,500"
Rolex,Stainless Steel,Stainless Steel,Automatic,100 meters,40,12.5,20,Black,Sapphire,70 hours,"9,950"
Omega,Stainless Steel,Stainless Steel,Automatic,50 meters,42,13.7,20,Black,Hesalite,48 hours,"4,950"
Patek Philippe,Stainless Steel,Stainless Steel,Automatic,120 meters,40.8,8.3,20,Blue,Sapphire,45 hours,"38,000"
Audemars Piguet,Stainless Steel,Stainless Steel,Automatic,50 meters,41,9.8,20,Blue,Sapphire,60 hours,"22,000"
IWC,Stainless Steel,Leather,Automatic,30 meters,41,12.3,22,Silver,Sapphire,46 hours,"7,500"
Jaeger-LeCoultre,Stainless Steel,Leather,Automatic,50 meters,39,7.58,20,Silver,Sapphire,70 hours,"8,900"
Blancpain,Stainless Steel,Fabric,Automatic,300 meters,45,15.4,23,Black,Sapphire,120 hours,"13,900"
Breguet,Rose Gold,Leather,Manual,30 meters,40,6.8,20,Silver,Sapphire,65 hours,"20,500"
Ulysse Nardin,Titanium,Rubber,Automatic,300 meters,44,14.5,22,Blue,Sapphire,60 hours,"9,500"
Hublot,Ceramic,Rubber,Automatic,100 meters,41,14.5,20,Black,Sapphire,72 hours,"16,000"
Zenith,Stainless Steel,Leather,Automatic,100 meters,38,12.75,20,White,Sapphire,50 hours,"5,500"
Rolex,Stainless Steel,Stainless Steel,Automatic,100 meters,41,11.8,20,Black,Sapphire,70 hours,"8,200"
Omega,Stainless Steel,Stainless Steel,Manual,50 meters,42,13.2,20,Black,Hesalite,48 hours,"5,500"
Cartier,Stainless Steel,Stainless Steel,Automatic,30 meters,33,9.96,18,Silver,Sapphire,42 hours,"6,500"
Breitling,Stainless Steel,Rubber,Automatic,500 meters,42,13.32,20,Blue,Sapphire,38 hours,"3,600"
Patek Philippe,Rose Gold,Leather,Manual,30 meters,36,7.45,18,White,Sapphire,44 hours,"18,000"
Hublot,Titanium,Rubber,Automatic,100 meters,42,14.5,24,Black,Sapphire,72 hours,"8,900"
Blancpain,Stainless Steel,Canvas,Automatic,300 meters,45,15.4,23,Black,Sapphire,120 hours,"13,500"
Audemars Piguet,Stainless Steel,Stainless Steel,Automatic,50 meters,41,10.4,20,Blue,Sapphire,60 hours,"26,000"
Zenith,Stainless Steel,Leather,Automatic,100 meters,42,12.75,22,Black,Sapphire,50 hours,"6,500"
IWC,Stainless Steel,Leather,Automatic,30 meters,41.5,12.3,22,Silver,Sapphire,60 hours,"7,800"
Jaeger-LeCoultre,Stainless Steel,Leather,Automatic,50 meters,38,7.58,20,Silver,Sapphire,70 hours,"4,500"
Patek Philippe,Stainless Steel,Stainless Steel,Automatic,120 meters,40.5,8.3,22,Blue,Sapphire,45 hours,"29,800"
Audemars Piguet,Stainless Steel,Stainless Steel,Automatic,50 meters,41,9.8,20,Black,Sapphire,60 hours,"23,100"
IWC,Stainless Steel,Leather,Automatic,30 meters,41,12.3,22,Silver,Sapphire,60 hours,"7,950"
Vacheron Constantin,Stainless Steel,Rubber,Automatic,150 meters,41.5,11,22,Blue,Sapphire,40 hours,"18,900"
Blancpain,Stainless Steel,Canvas,Automatic,300 meters,45,15.5,23,Black,Sapphire,120 hours,"12,800"
Hublot,Ceramic,Rubber,Automatic,100 meters,44,14.5,26,Black,Sapphire,72 hours,"17,900"
Breguet,18k Rose Gold,Leather,Manual,30 meters,39,8.65,20,Silver,Sapphire,40 hours,"15,200"
Ulysse Nardin,Stainless Steel,Leather,Automatic,100 meters,42.2,14.2,22,Blue,Sapphire,60 hours,"8,400"
Zenith,Titanium,Rubber,Automatic,100 meters,41,10.75,22,Blue,Sapphire,50 hours,"9,500"
Girard-Perregaux,Stainless Steel,Stainless Steel,Automatic,100 meters,42,10.88,22,Silver,Sapphire,46 hours,"9,200"
Panerai,Stainless Steel,Leather,Manual,100 meters,44,13.05,24,Black,Sapphire,56 hours,"7,500"
Seiko,Stainless Steel,Silicone,Automatic,200 meters,43,13.2,22,Blue,Hardlex,50 hours,"1,300"
Tissot,Stainless Steel,Leather,Automatic,30 meters,39.3,9.75,20,Silver,Sapphire,38 hours,650
Longines,Stainless Steel,Leather,Automatic,30 meters,40,10.25,20,Black,Sapphire,64 hours,"2,500"
Hamilton,Stainless Steel,Leather,Automatic,50 meters,40,11.15,20,Silver,Sapphire,80 hours,"1,150"
Montblanc,Stainless Steel,Leather,Automatic,50 meters,40,9.85,20,Silver,Sapphire,42 hours,"2,750"
Rado,High-Tech Ceramic,Leather,Quartz,30 meters,39,5,22,Black,Sapphire,N/A,"1,600"
Frederique Constant,Stainless Steel,Leather,Automatic,50 meters,40,10.5,20,Silver,Sapphire,38 hours,"1,400"
Zenith,Stainless Steel,Leather,Automatic,50 meters,40.5,8.15,22,White,Sapphire,50 hours,"5,500"
Girard-Perregaux,Stainless Steel,Stainless Steel,Automatic,100 meters,38,10.88,25,Black,Sapphire,46 hours,"8,700"
Ulysse Nardin,Stainless Steel,Leather,Automatic,50 meters,42,11.15,20,Blue,Sapphire,60 hours,"7,900"
Sinn,German Submarine Steel,Silicone,Automatic,500 meters,45,14.7,22,Black,Sapphire,38 hours,"3,350"
Rolex,Stainless Steel,Jubilee,Automatic,100 meters,36,12.5,20,Black,Sapphire,70 hours,"8,000"
Omega,Stainless Steel,Stainless Steel,Automatic,50 meters,42,13.5,20,Black,Sapphire,60 hours,"6,500"
Cartier,Stainless Steel,Leather,Automatic,30 meters,33,9.96,16,Silver,Sapphire,42 hours,"4,500"
Tag Heuer,Stainless Steel,Stainless Steel,Quartz,300 meters,43,10.8,20,Blue,Sapphire,N/A,"1,800"
Breitling,Stainless Steel,Rubber,Automatic,2000 meters,42,13.32,20,Blue,Sapphire,38 hours,"3,600"
IWC,Stainless Steel,Leather,Automatic,30 meters,41,12.3,22,Blue,Sapphire,60 hours,"8,900"
Panerai,Titanium,Leather,Manual,300 meters,44,13.05,24,Black,Sapphire,56 hours,"5,700"
Patek Philippe,Stainless Steel,Stainless Steel,Automatic,120 meters,40.5,8.3,22,Blue,Sapphire,45 hours,"34,000"
Jaeger-LeCoultre,Stainless Steel,Leather,Automatic,50 meters,39,7.58,20,Silver,Sapphire,43 hours,"6,800"
Bell & Ross,Stainless Steel,Rubber,Automatic,100 meters,41,9.7,22,Black,Sapphire,40 hours,"2,500"
Montblanc,Bronze,Leather,Automatic,100 meters,44,12.8,22,Black,Sapphire,42 hours,"5,300"
Patek Philippe,Stainless Steel,Stainless Steel,Automatic,120 meters,40.5,8.3,22,Blue,Sapphire,45 hours,"34,000"
Audemars Piguet,Stainless Steel,Stainless Steel,Automatic,50 meters,41,9.8,20,Black,Sapphire,60 hours,"22,000"
Vacheron Constantin,Stainless Steel,Rubber,Automatic,150 meters,41,11,21,Blue,Sapphire,60 hours,"17,500"
IWC,Stainless Steel,Leather,Automatic,30 meters,41,13.1,22,Silver,Sapphire,60 hours,"8,500"
Hublot,Ceramic,Rubber,Automatic,100 meters,44.5,14.5,22,Black,Sapphire,72 hours,"15,000"
Zenith,Stainless Steel,Leather,Automatic,100 meters,38,12.4,19,White,Sapphire,50 hours,"6,000"
Chopard,Stainless Steel,Leather,Automatic,50 meters,42,12.67,20,Black,Sapphire,48 hours,"5,000"
Panerai,Titanium,Rubber,Automatic,300 meters,44,13.05,24,Black,Sapphire,72 hours,"8,500"
Girard-Perregaux,Stainless Steel,Stainless Steel,Automatic,100 meters,42,10.88,22,Blue,Sapphire,54 hours,"9,000"
Blancpain,Stainless Steel,NATO Strap,Automatic,300 meters,45,15.5,23,Black,Sapphire,120 hours,"12,500"
Bulgari,Titanium,Leather,Automatic,30 meters,40,5.5,21,Black,Sapphire,55 hours,"10,000"
Tudor,Stainless Steel,Leather,Automatic,200 meters,41,12.7,22,Black,Sapphire,70 hours,"3,800"
Panerai,Stainless Steel,Leather,Automatic,300 meters,44,13.05,22,Black,Sapphire,72 hours,"8,900"
Hublot,Titanium,Rubber,Automatic,100 meters,44,14.5,25,Black,Sapphire,72 hours,"16,800"
IWC,Stainless Steel,Leather,Automatic,30 meters,40.9,12.3,20,Silver,Sapphire,44 hours,"6,900"
Audemars Piguet,Stainless Steel,Stainless Steel,Automatic,50 meters,41,9.8,20,Blue,Sapphire,60 hours,"24,500"
Vacheron Constantin,Stainless Steel,Rubber,Automatic,150 meters,41.5,11,21,Silver,Sapphire,40 hours,"19,500"
Breguet,18k White Gold,Leather,Automatic,30 meters,39,8.65,20,Silver,Sapphire,55 hours,"24,500"
Piaget,18k Rose Gold,Leather,Manual,30 meters,38,6,20,White,Sapphire,43 hours,"20,800"
Blancpain,Stainless Steel,Fabric,Automatic,300 meters,45,15.5,23,Black,Sapphire,120 hours,"13,000"
Girard-Perregaux,Stainless Steel,Stainless Steel,Automatic,100 meters,41,10.88,22,Black,Sapphire,46 hours,"9,700"
Zenith,Stainless Steel,Leather,Automatic,50 meters,42,14.05,22,Silver,Sapphire,50 hours,"7,400"
Breitling,Stainless Steel,Rubber,Automatic,200 meters,44,14.2,22,Black,Sapphire,70 hours,"4,300"
Cartier,Stainless Steel,Stainless Steel,Automatic,100 meters,39.8,9.08,20,Silver,Sapphire,42 hours,"6,500"
Omega,Stainless Steel,Leather,Manual,50 meters,42,13.7,20,Black,Hesalite,48 hours,"5,500"
Rolex,Stainless Steel,Stainless Steel,Automatic,100 meters,40,12.4,20,Black,Sapphire,70 hours,"9,100"
Jaeger-LeCoultre,Stainless Steel,Leather,Automatic,50 meters,40,8.8,20,Silver,Sapphire,70 hours,"7,500"
Audemars Piguet,Stainless Steel,Stainless Steel,Automatic,50 meters,41,10.4,20,Blue,Sapphire,60 hours,"20,900"
IWC,Stainless Steel,Leather,Automatic,60 meters,40,10.8,20,Black,Sapphire,42 hours,"4,200"
Patek Philippe,18k White Gold,Leather,Automatic,30 meters,39,8.6,20,Silver,Sapphire,48 hours,"22,000"
Tag Heuer,Stainless Steel,Stainless Steel,Quartz,300 meters,32,9.5,15,Blue,Sapphire,N/A,"1,700"
Tudor,Stainless Steel,Leather,Automatic,200 meters,41,12.7,22,Black,Sapphire,70 hours,"3,600"
Rolex,Stainless Steel,Jubilee Bracelet,Automatic,100 meters,36,12.5,20,Silver,Sapphire,70 hours,"8,900"
Omega,Stainless Steel,Stainless Steel,Automatic,50 meters,42,13.5,20,Black,Sapphire,60 hours,"6,800"
Tag Heuer,Stainless Steel,Stainless Steel,Quartz,300 meters,43,10.8,21,Blue,Sapphire,N/A,"2,600"
Breitling,Stainless Steel,Leather,Automatic,200 meters,42,14.35,20,Black,Sapphire,38 hours,"4,400"
Cartier,18k Rose Gold,Leather,Automatic,30 meters,33,9.96,18,Silver,Sapphire,42 hours,"13,000"
Jaeger-LeCoultre,Stainless Steel,Leather,Automatic,50 meters,39,8.5,20,Silver,Sapphire,70 hours,"7,500"
Tudor,Stainless Steel,Stainless Steel,Automatic,200 meters,41,14.5,22,Black,Sapphire,70 hours,"4,500"
Zenith,Stainless Steel,Leather,Automatic,100 meters,38,12.45,19,White,Sapphire,50 hours,"6,900"
Longines,Stainless Steel,Stainless Steel,Automatic,300 meters,41,12.65,20,Black,Sapphire,64 hours,"1,800"
Oris,Stainless Steel,Leather,Automatic,100 meters,40,12.9,20,Blue,Sapphire,38 hours,"1,500"
Hamilton,Stainless Steel,NATO Strap,Automatic,100 meters,38,9.7,20,Black,Sapphire,80 hours,595
Panerai,Stainless Steel,Leather,Automatic,300 meters,42,13.2,22,Black,Sapphire,72 hours,"7,500"
IWC,Stainless Steel,Leather,Automatic,60 meters,41,15.3,22,Black,Sapphire,72 hours,"5,400"
Patek Philippe,White Gold,Leather,Manual,30 meters,37,7.7,20,White,Sapphire,44 hours,"25,000"
Hublot,Carbon Fiber,Rubber,Automatic,100 meters,44,14.5,25,Black,Sapphire,72 hours,"15,000"
Zenith,Stainless Steel,Leather,Automatic,50 meters,38,12.6,20,Silver,Sapphire,50 hours,"7,500"
Audemars Piguet,Stainless Steel,Stainless Steel,Automatic,50 meters,41,9.8,20,Blue,Sapphire,60 hours,"25,000"
Vacheron Constantin,Stainless Steel,Stainless Steel,Automatic,50 meters,41,11,22,Blue,Sapphire,40 hours,"18,000"
Breguet,White Gold,Leather,Automatic,30 meters,39,8.65,21,Silver,Sapphire,55 hours,"20,000"
Ulysse Nardin,Stainless Steel,Rubber,Automatic,100 meters,42,12.8,22,Blue,Sapphire,60 hours,"8,500"
Blancpain,Stainless Steel,Canvas,Automatic,300 meters,45,15.5,23,Black,Sapphire,120 hours,"10,500"
Girard-Perregaux,Stainless Steel,Stainless Steel,Automatic,100 meters,42,10.88,22,Black,Sapphire,54 hours,"9,000"
Patek Philippe,Stainless Steel,Stainless Steel,Automatic,120 meters,40.8,8.3,21,Blue,Sapphire,55 hours,"51,000"
Audemars Piguet,Stainless Steel,Stainless Steel,Automatic,50 meters,41,9.8,20,Blue,Sapphire,60 hours,"22,000"
IWC,Stainless Steel,Leather,Automatic,60 meters,46.2,15,20,Black,Sapphire,68 hours,"7,500"
Blancpain,Titanium,Fabric,Automatic,300 meters,45,15.4,23,Black,Sapphire,120 hours,"14,500"
Vacheron Constantin,Stainless Steel,Stainless Steel,Automatic,150 meters,41,11,22,Silver,Sapphire,60 hours,"21,500"
Zenith,Stainless Steel,Leather,Automatic,100 meters,42,12.75,20,Black,Sapphire,50 hours,"7,500"
Hublot,Titanium,Rubber,Automatic,100 meters,44,14.5,22,Black,Sapphire,72 hours,"15,000"
Breguet,18k Rose Gold,Leather,Automatic,30 meters,39,10.2,22,Silver,Sapphire,40 hours,"18,000"
Chopard,Stainless Steel,Leather,Quartz,30 meters,30,10.5,17,White,Sapphire,N/A,"5,000"
Girard-Perregaux,Stainless Steel,Stainless Steel,Automatic,100 meters,41,10.88,22,Blue,Sapphire,54 hours,"11,500"
Panerai,Stainless Steel,Leather,Automatic,300 meters,44,15.65,24,Black,Sapphire,72 hours,"8,000"
Tudor,Stainless Steel,Leather,Automatic,200 meters,41,14.75,22,Black,Sapphire,70 hours,"3,800"
Panerai,Stainless Steel,Leather,Manual,100 meters,44,13.05,24,Black,Sapphire,56 hours,"6,400"
IWC,Stainless Steel,Leather,Automatic,30 meters,41,12.3,22,Silver,Sapphire,60 hours,"8,900"
Audemars Piguet,Stainless Steel,Stainless Steel,Automatic,50 meters,41,9.8,20,Blue,Sapphire,60 hours,"20,400"
Vacheron Constantin,Stainless Steel,Rubber,Automatic,150 meters,41,11,21,Blue,Sapphire,60 hours,"22,000"
Patek Philippe,Stainless Steel,Stainless Steel,Automatic,120 meters,40.8,8.3,21,Blue,Sapphire,45 hours,"62,500"
Blancpain,Stainless Steel,Canvas,Automatic,300 meters,45,15.5,23,Black,Sapphire,120 hours,"14,900"
Chopard,Stainless Steel,Leather,Automatic,50 meters,42,12.67,20,Silver,Sapphire,42 hours,"5,900"
Longines,Stainless Steel,Leather,Automatic,30 meters,40,9.35,20,Silver,Sapphire,64 hours,"1,500"
Montblanc,Stainless Steel,Leather,Automatic,50 meters,40,9.85,20,Black,Sapphire,38 hours,"2,700"
Zenith,Stainless Steel,Leather,Automatic,100 meters,42,12.75,20,Black,Sapphire,50 hours,"6,500"
Rolex,Stainless Steel,Stainless Steel,Automatic,100 meters,41,11.8,21,Blue,Sapphire,70 hours,"7,800"
Omega,Stainless Steel,Stainless Steel,Automatic,50 meters,42,13.75,20,Black,Sapphire,48 hours,"5,300"
Tag Heuer,Stainless Steel,Leather,Automatic,100 meters,39,14.5,22,Blue,Sapphire,42 hours,"5,900"
Breitling,Stainless Steel,Rubber,Automatic,1000 meters,44,14.21,22,Blue,Sapphire,38 hours,"3,800"
Cartier,Stainless Steel,Stainless Steel,Automatic,30 meters,42,13,22,Silver,Sapphire,42 hours,"7,500"
Jaeger-LeCoultre,Stainless Steel,Leather,Automatic,50 meters,39,7.5,20,White,Sapphire,38 hours,"6,200"
Rolex,Stainless Steel,Stainless Steel,Automatic,100 meters,40,12.5,20,Black,Sapphire,70 hours,"9,500"
Omega,Stainless Steel,Stainless Steel,Automatic,150 meters,41.5,13,20,Silver,Sapphire,60 hours,"4,700"
Tag Heuer,Stainless Steel,Stainless Steel,Automatic,300 meters,41,12.5,20,Black,Sapphire,38 hours,"2,700"
Breitling,Stainless Steel,Rubber,Automatic,300 meters,43,16.5,22,Black,Sapphire,42 hours,"4,600"
Cartier,Stainless Steel,Leather,Automatic,100 meters,35.1,8.83,22,Silver,Sapphire,42 hours,"5,300"
Rolex,Yellow Gold,Leather,Automatic,100 meters,40,12.4,20,Ivory,Sapphire,72 hours,"39,500"
Omega,Stainless Steel,Stainless Steel,Manual,50 meters,42,14.3,20,Black,Sapphire,48 hours,"5,400"
TAG Heuer,Stainless Steel,Leather,Automatic,100 meters,39,14,22,Blue,Sapphire,42 hours,"6,550"
Cartier,Stainless Steel,Leather,Quartz,30 meters,43.5,7.3,23,Silver,Sapphire,N/A,"5,300"
Breitling,Stainless Steel,Rubber,Automatic,1000 meters,42,13.32,20,Blue,Sapphire,38 hours,"3,850"
Patek Philippe,White Gold,Leather,Automatic,30 meters,39,8.25,20,Silver,Sapphire,48 hours,"25,800"
Tudor,Stainless Steel,Fabric,Automatic,200 meters,41,11.9,22,Black,Sapphire,70 hours,"4,100"
Blancpain,Stainless Steel,Rubber,Automatic,300 meters,45,15.5,23,Black,Sapphire,120 hours,"12,900"
IWC,Stainless Steel,Leather,Automatic,30 meters,41,12.3,22,Blue,Sapphire,60 hours,"6,900"
Vacheron Constantin,Stainless Steel,Rubber,Automatic,150 meters,41,11,22,Blue,Sapphire,40 hours,"19,800"
Rolex,Stainless Steel,Stainless Steel,Automatic,100 meters,36,12,20,Black,Sapphire,70 hours,"8,100"
Rolex,Stainless Steel,Stainless Steel,Automatic,100 meters,36,12.5,20,Black,Sapphire,70 hours,"6,500"
Omega,Stainless Steel,Stainless Steel,Manual,50 meters,42,14.3,20,Black,Hesalite,48 hours,"5,400"
Patek Philippe,Stainless Steel,Stainless Steel,Automatic,120 meters,40.5,8.3,20,Blue,Sapphire,55 hours,"44,000"
Cartier,18k Rose Gold,Leather,Automatic,30 meters,33,9.96,18,Silver,Sapphire,42 hours,"13,200"
Hublot,18k King Gold,Rubber,Automatic,50 meters,42,10.5,22,Blue,Sapphire,42 hours,"20,200"
Audemars Piguet,Stainless Steel,Stainless Steel,Automatic,50 meters,41,10.4,20,Blue,Sapphire,60 hours,"24,800"
IWC,Stainless Steel,Leather,Automatic,60 meters,41,12.8,22,Black,Sapphire,42 hours,"4,800"
Tudor,Stainless Steel,Stainless Steel,Automatic,200 meters,41,14.5,22,Black,Sapphire,70 hours,"4,000"
Breguet,18k White Gold,Leather,Manual,30 meters,40,6.95,20,White,Sapphire,65 hours,"22,500"
Blancpain,Stainless Steel,Rubber,Automatic,300 meters,45,15.4,23,Black,Sapphire,120 hours,"12,500"
Chopard,Stainless Steel,Leather,Automatic,50 meters,42,12.67,22,Black,Sapphire,42 hours,"6,900"
Panerai,Titanium,Leather,Automatic,100 meters,44,15.65,24,Black,Sapphire,72 hours,"7,500"
Audemars Piguet,Stainless Steel,Stainless Steel,Automatic,50 meters,41,10.4,20,Blue,Sapphire,60 hours,"25,000"
Patek Philippe,Stainless Steel,Stainless Steel,Automatic,120 meters,40.5,8.3,22,Blue,Sapphire,45 hours,"70,000"
IWC,Stainless Steel,Leather,Automatic,60 meters,41,10.8,20,Black,Sapphire,42 hours,"5,500"
Blancpain,Titanium,Fabric,Automatic,300 meters,45,15.4,23,Black,Sapphire,120 hours,"12,000"
Ulysse Nardin,Stainless Steel,Rubber,Automatic,100 meters,44,14.4,22,Blue,Sapphire,60 hours,"7,500"
Breguet,Rose Gold,Leather,Automatic,30 meters,38,8.25,20,Silver,Sapphire,45 hours,"20,000"
Girard-Perregaux,Stainless Steel,Stainless Steel,Automatic,100 meters,38,10.88,22,Black,Sapphire,46 hours,"8,500"
Hublot,Ceramic,Rubber,Automatic,100 meters,42,14.1,24,Black,Sapphire,42 hours,"12,000"
Zenith,Stainless Steel,Leather,Automatic,100 meters,42,14.05,20,Silver,Sapphire,50 hours,"6,000"
Vacheron Constantin,Stainless Steel,Rubber,Automatic,150 meters,41,11,22,Blue,Sapphire,40 hours,"12,000"
Audemars Piguet,Stainless Steel,Stainless Steel,Automatic,50 meters,41,10.4,20,Black,Sapphire,60 hours,"22,000"
Hublot,Titanium,Rubber,Automatic,50 meters,42,10.5,22,Blue,Sapphire,42 hours,"8,500"
Panerai,Stainless Steel,Leather,Manual,300 meters,44,15.65,24,Black,Sapphire,56 hours,"7,200"
Breguet,18K White Gold,Leather,Manual,30 meters,40,6.1,20,Silver,Sapphire,65 hours,"16,000"
Chopard,Stainless Steel,Stainless Steel,Quartz,30 meters,30,7.2,15,Silver,Sapphire,N/A,"5,800"
Ulysse Nardin,Stainless Steel,Rubber,Automatic,100 meters,42.2,12.6,22,Blue,Sapphire,60 hours,"8,900"
IWC,Stainless Steel,Leather,Automatic,30 meters,41,13.1,20,White,Sapphire,46 hours,"7,600"
Patek Philippe,Stainless Steel,Stainless Steel,Automatic,120 meters,40.8,8.3,20,Blue,Sapphire,45 hours,"57,000"
Montblanc,Titanium,Leather,Automatic,100 meters,42,12.8,22,Black,Sapphire,42 hours,"6,500"
Vacheron Constantin,Stainless Steel,Stainless Steel,Automatic,150 meters,41.5,11,22,Blue,Sapphire,60 hours,"21,000"
Zenith,Stainless Steel,Leather,Automatic,100 meters,38,12.45,20,Silver,Sapphire,50 hours,"6,000"
Rolex,18k Yellow Gold,Leather,Automatic,100 meters,40,12.4,20,Champagne,Sapphire,72 hours,"29,500"
Audemars Piguet,Rose Gold,Rose Gold,Automatic,50 meters,37,9.8,18,Blue,Sapphire,60 hours,"36,500"
Patek Philippe,Stainless Steel,Stainless Steel,Automatic,120 meters,40.5,8.3,22,Blue,Sapphire,45 hours,"51,000"
IWC,Stainless Steel,Leather,Automatic,30 meters,42.3,14.2,22,White,Sapphire,60 hours,"8,800"
Blancpain,Stainless Steel,Rubber,Automatic,300 meters,45,15.4,23,Black,Sapphire,120 hours,"13,500"
Hublot,Carbon Fiber,Rubber,Automatic,100 meters,44,14.5,22,Black,Sapphire,72 hours,"19,500"
Ulysse Nardin,Stainless Steel,Rubber,Automatic,100 meters,43,12.6,22,Blue,Sapphire,60 hours,"7,000"
Breguet,18k White Gold,Leather,Manual,30 meters,38,7.45,20,Silver,Sapphire,65 hours,"23,000"
Girard-Perregaux,Stainless Steel,Stainless Steel,Automatic,100 meters,42,10.88,25,Black,Sapphire,46 hours,"9,500"
Piaget,18k White Gold,Leather,Manual,30 meters,40,6.36,20,Silver,Sapphire,43 hours,"18,500"
Vacheron Constantin,18k Rose Gold,Leather,Manual,30 meters,42,7.65,20,Silver,Sapphire,65 hours,"22,500"
Panerai,Stainless Steel,Leather,Automatic,300 meters,44,15.65,22,Black,Sapphire,72 hours,"7,500"
IWC,Stainless Steel,Leather,Automatic,30 meters,41,12.3,22,Blue,Sapphire,60 hours,"6,500"
Audemars Piguet,Stainless Steel,Stainless Steel,Automatic,50 meters,41,9.8,20,Blue,Sapphire,60 hours,"20,000"
Hublot,Carbon Fiber,Rubber,Automatic,100 meters,44,14.5,26,Black,Sapphire,72 hours,"12,000"
Girard-Perregaux,Stainless Steel,Stainless Steel,Automatic,100 meters,42,10.88,22,Blue,Sapphire,54 hours,"6,500"
Chopard,Stainless Steel,Leather,Automatic,50 meters,42,11.43,22,Black,Sapphire,48 hours,"6,200"
Vacheron Constantin,Stainless Steel,Stainless Steel,Automatic,150 meters,41,11,22,Blue,Sapphire,60 hours,"15,000"
Piaget,White Gold,Leather,Manual,30 meters,40,6.36,20,Silver,Sapphire,44 hours,"22,000"
Zenith,Stainless Steel,Leather,Automatic,100 meters,42,12.75,22,Black,Sapphire,50 hours,"5,500"
Breguet,White Gold,Leather,Automatic,30 meters,39,10.2,22,Silver,Sapphire,45 hours,"19,000"
Tudor,Stainless Steel,Leather,Automatic,200 meters,41,12.7,22,Black,Sapphire,70 hours,"3,500"
Rolex,Stainless Steel,Stainless Steel,Automatic,100 meters,36,12.5,20,Blue,Sapphire,70 hours,"7,400"
Omega,Stainless Steel,Stainless Steel,Automatic,50 meters,42,14.3,20,Black,Hesalite,48 hours,"5,000"
Cartier,Stainless Steel,Stainless Steel,Automatic,100 meters,39.8,9.08,20,Silver,Sapphire,42 hours,"6,200"
TAG Heuer,Stainless Steel,Stainless Steel,Automatic,300 meters,43,12.5,21,Black,Sapphire,38 hours,"3,100"
Breitling,Stainless Steel,Rubber,Automatic,1000 meters,42,13.3,20,Blue,Sapphire,38 hours,"4,100"
Panerai,Stainless Steel,Leather,Automatic,300 meters,44,13.05,24,Black,Sapphire,72 hours,"6,500"
Tudor,Stainless Steel,Leather,Automatic,200 meters,41,12.7,22,Black,Sapphire,70 hours,"3,800"
Zenith,Stainless Steel,Leather,Automatic,50 meters,39,8.15,20,Silver,Sapphire,50 hours,"4,900"
Longines,Stainless Steel,Leather,Automatic,50 meters,40,10.75,20,Silver,Sapphire,54 hours,"1,850"
Montblanc,Stainless Steel,Leather,Automatic,50 meters,42,11.4,22,White,Sapphire,42 hours,"3,900"
Baume & Mercier,Stainless Steel,Leather,Automatic,50 meters,40,10.3,20,Silver,Sapphire,120 hours,"2,750"
Rolex,Stainless Steel,Jubilee Bracelet,Automatic,100 meters,41,11.8,20,Blue,Sapphire,70 hours,"9,500"
Omega,Stainless Steel,Stainless Steel,Manual,50 meters,42,13.75,20,Black,Hesalite,48 hours,"5,350"
Breitling,Stainless Steel,Stainless Steel,Automatic,200 meters,44,14.2,22,Blue,Sapphire,38 hours,"3,250"
Cartier,18K Yellow Gold,Leather,Manual,30 meters,27.5,6.5,18,Silver,Sapphire,N/A,"14,200"
Tag Heuer,Stainless Steel,Leather,Automatic,100 meters,39,14,22,Blue,Sapphire,40 hours,"4,950"
Jaeger-LeCoultre,Stainless Steel,Leather,Automatic,50 meters,40,8.5,20,Silver,Sapphire,70 hours,"6,500"
Panerai,Titanium,Rubber,Manual,300 meters,44,15.6,24,Black,Sapphire,72 hours,"8,500"
Audemars Piguet,Stainless Steel,Stainless Steel,Automatic,50 meters,41,10.4,20,Blue,Sapphire,60 hours,"27,000"
IWC,Stainless Steel,Leather,Automatic,30 meters,40.4,12.3,20,Silver,Sapphire,46 hours,"7,250"
Patek Philippe,18K White Gold,Leather,Manual,30 meters,38,8.25,20,White,Sapphire,44 hours,"25,000"
Bell & Ross,Ceramic,Rubber,Automatic,100 meters,42,9.8,24,Black,Sapphire,40 hours,"3,800"
Rolex,Stainless Steel,Stainless Steel,Automatic,100 meters,36,12.5,20,Silver,Sapphire,70 hours,"8,000"
Omega,Stainless Steel,Stainless Steel,Manual,50 meters,42,14.3,20,Black,Hesalite,48 hours,"4,500"
Patek Philippe,Stainless Steel,Stainless Steel,Automatic,120 meters,40.8,8.3,20,Blue,Sapphire,45 hours,"52,000"
Audemars Piguet,Stainless Steel,Stainless Steel,Automatic,50 meters,41,10.4,20,Blue,Sapphire,60 hours,"28,500"
IWC,Stainless Steel,Leather,Automatic,60 meters,41,12.5,20,Black,Sapphire,44 hours,"6,800"
Hublot,Ceramic,Rubber,Automatic,100 meters,42,14.1,24,Black,Sapphire,72 hours,"16,000"
Zenith,Stainless Steel,Leather,Automatic,100 meters,42,12.75,20,Black,Sapphire,50 hours,"6,500"
Breguet,18K White Gold,Leather,Automatic,30 meters,39,8.65,20,Silver,Sapphire,40 hours,"19,000"
Blancpain,Stainless Steel,Rubber,Automatic,300 meters,45,15.5,23,Black,Sapphire,120 hours,"13,500"
Girard-Perregaux,Stainless Steel,Stainless Steel,Automatic,100 meters,42,10.88,25,Black,Sapphire,46 hours,"8,000"
Jaquet Droz,Stainless Steel,Leather,Automatic,30 meters,43,12.48,23,Silver,Sapphire,68 hours,"10,000"
Rolex,Stainless Steel,Stainless Steel,Automatic,100 meters,40,12.5,20,Black,Sapphire,70 hours,"9,700"
Patek Philippe,Stainless Steel,Stainless Steel,Automatic,120 meters,40.5,8.3,21,Blue,Sapphire,45 hours,"29,800"
Omega,Stainless Steel,Stainless Steel,Manual,50 meters,42,14.3,20,Black,Hesalite,48 hours,"5,350"
Audemars Piguet,Stainless Steel,Stainless Steel,Automatic,50 meters,41,9.8,20,Blue,Sapphire,60 hours,"18,500"
IWC,Stainless Steel,Leather,Automatic,60 meters,43,15,22,Black,Sapphire,72 hours,"4,950"
Zenith,Stainless Steel,Leather,Automatic,100 meters,42,12.75,20,White,Sapphire,50 hours,"7,900"
Cartier,Stainless Steel,Leather,Manual,30 meters,31.4,7.25,18,Silver,Sapphire,N/A,"4,500"
Hublot,Titanium,Rubber,Automatic,100 meters,44,14.5,24,Black,Sapphire,72 hours,"16,000"
Girard-Perregaux,Stainless Steel,Stainless Steel,Automatic,100 meters,42,10.88,22,Blue,Sapphire,54 hours,"12,800"
Jaeger-LeCoultre,Stainless Steel,Leather,Automatic,50 meters,40,8.78,20,Silver,Sapphire,70 hours,"8,500"
IWC,Stainless Steel,Leather,Automatic,30 meters,41,12.3,22,Blue,Sapphire,42 hours,"8,500"
Panerai,Titanium,Rubber,Automatic,300 meters,44,13.05,24,Black,Sapphire,72 hours,"7,500"
Patek Philippe,Stainless Steel,Stainless Steel,Automatic,120 meters,40.5,8.3,20,Blue,Sapphire,45 hours,"39,000"
Audemars Piguet,Stainless Steel,Stainless Steel,Automatic,50 meters,37,9.8,20,Blue,Sapphire,40 hours,"19,500"
Hublot,Titanium,Rubber,Automatic,100 meters,44,14.5,24,Black,Sapphire,72 hours,"13,000"
Zenith,Stainless Steel,Leather,Automatic,100 meters,42,12.75,20,White,Sapphire,50 hours,"7,500"
Vacheron Constantin,Stainless Steel,Stainless Steel,Automatic,150 meters,41,11,22,Blue,Sapphire,60 hours,"23,000"
Breguet,18K White Gold,Leather,Manual,30 meters,40,6.95,20,Silver,Sapphire,50 hours,"24,000"
Blancpain,Stainless Steel,Fabric,Automatic,300 meters,45,15.5,23,Black,Sapphire,120 hours,"11,000"
Chopard,Stainless Steel,Leather,Automatic,50 meters,44,14.45,22,Black,Sapphire,42 hours,"6,000"
Rolex,Stainless Steel,Stainless Steel,Automatic,100 meters,36,12,20,Silver,Sapphire,70 hours,"7,500"
Omega,Stainless Steel,Stainless Steel,Automatic,50 meters,42,13.7,20,Black,Sapphire,60 hours,"6,500"
Tag Heuer,Stainless Steel,Stainless Steel,Automatic,300 meters,43,13,21,Blue,Sapphire,38 hours,"3,700"
Breitling,Stainless Steel,Rubber,Automatic,200 meters,44,14.2,22,Black,Sapphire,42 hours,"4,500"
Cartier,Stainless Steel,Stainless Steel,Automatic,30 meters,42,13,22,Silver,Sapphire,42 hours,"7,500"
Jaeger-LeCoultre,Stainless Steel,Leather,Automatic,50 meters,40,8.8,20,Silver,Sapphire,70 hours,"6,000"
Rolex,Stainless Steel,Stainless Steel,Automatic,100 meters,40,12.5,20,Black,Sapphire,70 hours,"9,500"
Omega,Stainless Steel,Stainless Steel,Automatic,100 meters,39,10.6,20,Black,Sapphire,50 hours,"4,800"
Tag Heuer,Stainless Steel,Leather,Automatic,100 meters,39,14.5,22,Blue,Sapphire,40 hours,"5,200"
Breitling,Stainless Steel,Stainless Steel,Automatic,200 meters,44,16.95,22,Blue,Sapphire,70 hours,"6,900"
Cartier,Stainless Steel,Stainless Steel,Automatic,100 meters,35.1,8.83,18,Silver,Sapphire,42 hours,"5,500"
Rolex,Stainless Steel,Stainless Steel,Automatic,100 meters,41,11.7,20,White,Sapphire,70 hours,"8,000"
Patek Philippe,Stainless Steel,Stainless Steel,Automatic,120 meters,40.5,8.3,21,Blue,Sapphire,45 hours,"40,000"
Audemars Piguet,Stainless Steel,Stainless Steel,Automatic,50 meters,37,9,16,Blue,Sapphire,60 hours,"18,000"
IWC,Stainless Steel,Leather,Automatic,30 meters,40.4,12.3,22,White,Sapphire,60 hours,"7,500"
Hublot,Titanium,Rubber,Automatic,100 meters,44,14.5,25,Black,Sapphire,72 hours,"14,000"
Blancpain,Stainless Steel,Canvas,Automatic,300 meters,45,15.4,23,Black,Sapphire,120 hours,"14,000"
Breguet,Rose Gold,Leather,Manual,30 meters,40,6.8,20,Silver,Sapphire,55 hours,"25,000"
Jaeger-LeCoultre,Stainless Steel,Leather,Automatic,50 meters,39,7.8,20,Silver,Sapphire,70 hours,"6,500"
Zenith,Stainless Steel,Stainless Steel,Automatic,100 meters,42,12.75,20,Blue,Sapphire,50 hours,"7,000"
Bulgari,Titanium,Titanium,Automatic,30 meters,40,5.15,28,Black,Sapphire,55 hours,"10,000"
Girard-Perregaux,Stainless Steel,Stainless Steel,Automatic,100 meters,42,10.88,22,Blue,Sapphire,54 hours,"9,000"
Rolex,Stainless Steel,Stainless Steel,Automatic,100 meters,40,12.1,20,Black,Sapphire,70 hours,"9,450"
Patek Philippe,Stainless Steel,Stainless Steel,Automatic,120 meters,40.8,8.3,21,Blue,Sapphire,55 hours,"29,800"
Audemars Piguet,Stainless Steel,Stainless Steel,Automatic,50 meters,41,9.8,20,Blue,Sapphire,50 hours,"22,300"
Hublot,Titanium,Rubber,Automatic,50 meters,42,10.6,22,Black,Sapphire,42 hours,"8,100"
IWC,Stainless Steel,Leather,Automatic,60 meters,40,10.8,20,Black,Sapphire,42 hours,"3,900"
A. Lange & Söhne,Rose Gold,Leather,Manual,30 meters,38.5,7.8,18,Silver,Sapphire,72 hours,"23,300"
Breguet,Rose Gold,Leather,Automatic,30 meters,39,8.65,20,Silver,Sapphire,65 hours,"23,200"
Chopard,Stainless Steel,Leather,Automatic,50 meters,44,14.4,22,Black,Sapphire,42 hours,"6,300"
Zenith,Stainless Steel,Leather,Automatic,100 meters,38,12.45,20,White,Sapphire,50 hours,"5,600"
Panerai,Titanium,Leather,Manual,100 meters,44,13.05,24,Black,Sapphire,56 hours,"6,900"
Rolex,Stainless Steel,Stainless Steel,Automatic,100 meters,40,12.4,20,White,Sapphire,72 hours,"13,500"
Omega,Stainless Steel,Stainless Steel,Manual,50 meters,42,14.3,20,Black,Hesalite,48 hours,"4,500"
Cartier,Stainless Steel,Leather,Automatic,100 meters,39.8,9.08,20,Silver,Sapphire,42 hours,"6,600"
Breitling,Stainless Steel,Leather,Automatic,200 meters,42,14.35,20,Black,Sapphire,38 hours,"4,400"
Tag Heuer,Stainless Steel,Stainless Steel,Automatic,300 meters,41,12,20,Blue,Sapphire,38 hours,"2,800"
Jaeger-LeCoultre,Stainless Steel,Leather,Automatic,50 meters,40,7.45,20,Silver,Sapphire,43 hours,"6,300"
Patek Philippe,18k Rose Gold,Leather,Manual,30 meters,38,7.68,19,White,Sapphire,44 hours,"22,900"
Audemars Piguet,Stainless Steel,Stainless Steel,Automatic,50 meters,41,9.8,20,Black,Sapphire,60 hours,"22,500"
Zenith,Stainless Steel,Stainless Steel,Automatic,100 meters,42,12.75,20,Blue,Sapphire,50 hours,"6,900"
Vacheron Constantin,Stainless Steel,Stainless Steel,Automatic,150 meters,41,11,20,Black,Sapphire,60 hours,"20,200"
IWC,Stainless Steel,Leather,Automatic,30 meters,40.4,12.6,20,Silver,Sapphire,44 hours,"7,600"
Panerai,Stainless Steel,Leather,Automatic,300 meters,44,15.65,24,Black,Sapphire,72 hours,"6,500"
Patek Philippe,Stainless Steel,Stainless Steel,Automatic,120 meters,40.5,8.3,21,Blue,Sapphire,45 hours,"34,000"
Audemars Piguet,Stainless Steel,Stainless Steel,Automatic,50 meters,41,9.8,20,Black,Sapphire,60 hours,"22,000"
IWC,Stainless Steel,Leather,Automatic,30 meters,41,12.3,22,White,Sapphire,168 hours,"9,500"
Hublot,Ceramic,Rubber,Automatic,100 meters,41,14.6,20,Black,Sapphire,42 hours,"14,000"
Breguet,18k Rose Gold,Leather,Manual,30 meters,39,10.2,22,Silver,Sapphire,40 hours,"26,000"
Zenith,Stainless Steel,Leather,Automatic,100 meters,38,12.5,20,Silver,Sapphire,50 hours,"7,000"
Blancpain,Stainless Steel,NATO strap,Automatic,300 meters,45,15.4,23,Black,Sapphire,120 hours,"10,000"
Girard-Perregaux,Stainless Steel,Stainless Steel,Automatic,100 meters,42,10.88,22,Blue,Sapphire,54 hours,"11,500"
Ulysse Nardin,Stainless Steel,Leather,Automatic,100 meters,42.2,12.6,20,Blue,Sapphire,60 hours,"7,500"
Vacheron Constantin,Stainless Steel,Stainless Steel,Automatic,150 meters,41.5,11,22,Silver,Sapphire,60 hours,"20,000"
Patek Philippe,Stainless Steel,Stainless Steel,Automatic,120 meters,40,8.3,20,Blue,Sapphire,45 hours,"26,000"
Audemars Piguet,Stainless Steel,Stainless Steel,Automatic,50 meters,41,10.4,20,Grey,Sapphire,60 hours,"17,000"
IWC,Stainless Steel,Leather,Automatic,30 meters,42.3,14.2,22,White,Sapphire,46 hours,"7,800"
A. Lange & Söhne,18k Rose Gold,Leather,Manual,30 meters,37,7.5,18,Silver,Sapphire,45 hours,"17,500"
Vacheron Constantin,Stainless Steel,Rubber,Automatic,150 meters,42.5,13.7,22,Blue,Sapphire,40 hours,"20,000"
Girard-Perregaux,Stainless Steel,Stainless Steel,Automatic,100 meters,41,10.88,26,Black,Sapphire,46 hours,"12,000"
Zenith,Stainless Steel,Leather,Automatic,100 meters,42,12.75,22,Silver,Sapphire,50 hours,"7,500"
Blancpain,Stainless Steel,Rubber,Automatic,300 meters,45,15.5,23,Black,Sapphire,120 hours,"14,000"
Hublot,Titanium,Rubber,Automatic,50 meters,45,10.95,22,Blue,Sapphire,42 hours,"9,500"
Breguet,18k White Gold,Leather,Manual,30 meters,38,8.25,20,Silver,Sapphire,40 hours,"22,000"
Piaget,Stainless Steel,Stainless Steel,Automatic,100 meters,42,9.4,22,Blue,Sapphire,44 hours,"10,500"
Patek Philippe,Stainless Steel,Stainless Steel,Automatic,120 meters,40.5,8.3,22,Blue,Sapphire,45 hours,"29,000"
Audemars Piguet,Rose Gold,Leather,Automatic,50 meters,37,9.8,20,Black,Sapphire,60 hours,"38,500"
Hublot,Titanium,Rubber,Automatic,50 meters,42,9.85,22,Blue,Sapphire,42 hours,"7,500"
Breguet,Rose Gold,Leather,Automatic,30 meters,39,10.2,20,Silver,Sapphire,65 hours,"25,000"
IWC,Stainless Steel,Leather,Automatic,60 meters,41,15.3,20,Black,Sapphire,42 hours,"5,900"
Blancpain,Stainless Steel,NATO Strap,Automatic,300 meters,45,15.5,23,Black,Sapphire,120 hours,"12,000"
Zenith,Stainless Steel,Leather,Automatic,100 meters,38,12.45,20,Silver,Sapphire,50 hours,"6,200"
Chopard,Stainless Steel,Rubber,Automatic,50 meters,42,13.07,20,Black,Sapphire,48 hours,"6,800"
Vacheron Constantin,White Gold,Leather,Manual,30 meters,40,6.79,20,Silver,Sapphire,65 hours,"28,000"
Panerai,Titanium,Leather,Automatic,300 meters,44,16.15,24,Black,Sapphire,72 hours,"9,500"
Tudor,Stainless Steel,NATO Strap,Automatic,200 meters,41,11.9,22,Black,Sapphire,70 hours,"3,500"
Panerai,Stainless Steel,Leather,Automatic,300 meters,42,14.5,22,Black,Sapphire,50 hours,"7,200"
IWC,Stainless Steel,Leather,Automatic,30 meters,41,12.3,22,Blue,Sapphire,60 hours,"7,900"
Patek Philippe,Stainless Steel,Stainless Steel,Automatic,120 meters,40,8.3,22,Blue,Sapphire,45 hours,"36,000"
Audemars Piguet,Stainless Steel,Stainless Steel,Automatic,50 meters,41,10.4,20,Blue,Sapphire,60 hours,"28,500"
Blancpain,Stainless Steel,Canvas,Automatic,300 meters,45,15.4,23,Black,Sapphire,120 hours,"15,000"
Breguet,18K Yellow Gold,Leather,Automatic,30 meters,39,10.2,20,Silver,Sapphire,38 hours,"26,000"
Zenith,Stainless Steel,Leather,Automatic,50 meters,42,13.5,22,Blue,Sapphire,50 hours,"6,500"
Girard-Perregaux,Stainless Steel,Stainless Steel,Automatic,100 meters,38,10.88,20,Blue,Sapphire,54 hours,"12,000"
Hublot,Titanium,Rubber,Automatic,100 meters,44,14.5,24,Black,Sapphire,72 hours,"18,500"
Jaquet Droz,Stainless Steel,Leather,Automatic,30 meters,43,11.48,23,Black,Sapphire,68 hours,"9,500"
Montblanc,Stainless Steel,Leather,Automatic,50 meters,39,9.9,19,Silver,Sapphire,42 hours,"3,500"
Rolex,Stainless Steel,Stainless Steel,Automatic,100 meters,40,12.5,20,Black,Sapphire,70 hours,"9,900"
Omega,Stainless Steel,Stainless Steel,Manual,50 meters,42,14.3,20,Black,Hesalite,48 hours,"4,300"
IWC,Stainless Steel,Leather,Automatic,30 meters,40.4,12.3,20,White,Sapphire,60 hours,"7,500"
Hublot,Ceramic,Rubber,Automatic,100 meters,44,14.5,24,Black,Sapphire,72 hours,"15,500"
Panerai,Stainless Steel,Leather,Manual,300 meters,44,13.05,24,Black,Sapphire,56 hours,"5,200"
Patek Philippe,White Gold,Leather,Automatic,30 meters,37,8.5,18,White,Sapphire,45 hours,"25,000"
Audemars Piguet,Stainless Steel,Stainless Steel,Automatic,50 meters,41,10.4,20,Blue,Sapphire,60 hours,"19,500"
Vacheron Constantin,Rose Gold,Leather,Automatic,30 meters,40,6.79,20,White,Sapphire,40 hours,"15,000"
Blancpain,Titanium,Fabric,Automatic,300 meters,45,15.4,23,Black,Sapphire,120 hours,"14,000"
Girard-Perregaux,Stainless Steel,Stainless Steel,Automatic,100 meters,42,10.88,25,Blue,Sapphire,54 hours,"7,500"
Jaquet Droz,Stainless Steel,Leather,Automatic,30 meters,43,11.48,22,White,Sapphire,68 hours,"8,500"
Rolex,Stainless Steel,Jubilee Bracelet,Automatic,100 meters,36,12,20,Blue,Sapphire,70 hours,"7,650"
Omega,Stainless Steel,Stainless Steel,Manual,50 meters,42,14.3,20,Black,Hesalite,48 hours,"5,200"
Patek Philippe,Stainless Steel,Stainless Steel,Automatic,120 meters,40.5,8.3,20,Blue,Sapphire,55 hours,"67,000"
Audemars Piguet,Stainless Steel,Stainless Steel,Automatic,50 meters,41,9.8,20,Blue,Sapphire,60 hours,"25,000"
Cartier,Stainless Steel,Stainless Steel,Automatic,30 meters,36.6,12.05,18,Silver,Sapphire,42 hours,"4,700"
IWC,Stainless Steel,Leather,Automatic,30 meters,42.3,14.2,22,Blue,Sapphire,60 hours,"9,100"
Jaeger-LeCoultre,Stainless Steel,Leather,Automatic,50 meters,39,8.5,20,Silver,Sapphire,70 hours,"8,200"
Blancpain,Stainless Steel,Canvas,Automatic,300 meters,45,15.5,23,Black,Sapphire,120 hours,"12,500"
Breguet,18K Rose Gold,Leather,Automatic,30 meters,39,9.9,22,White,Sapphire,65 hours,"27,900"
Chopard,Stainless Steel,Rubber,Automatic,50 meters,42,12.67,20,Black,Sapphire,42 hours,"6,500"
Seiko,Stainless Steel,Silicone,Automatic,200 meters,44.3,13.1,22,Black,Hardlex,50 hours,"1,200"
Tudor,Stainless Steel,Leather,Automatic,200 meters,41,14.75,22,Black,Sapphire,70 hours,"3,800"
IWC,Stainless Steel,Leather,Automatic,60 meters,39,10.86,20,Black,Sapphire,42 hours,"4,500"
Panerai,Titanium,Rubber,Automatic,300 meters,44,15.65,24,Black,Sapphire,72 hours,"9,500"
Patek Philippe,Stainless Steel,Stainless Steel,Automatic,120 meters,40.5,8.3,20,Blue,Sapphire,45 hours,"35,000"
Audemars Piguet,Stainless Steel,Stainless Steel,Automatic,50 meters,41,10.4,20,Black,Sapphire,60 hours,"24,000"
Breguet,18k Rose Gold,Leather,Automatic,30 meters,38.5,8.25,20,White,Sapphire,38 hours,"21,500"
Blancpain,Stainless Steel,Fabric,Automatic,300 meters,45,15.5,23,Black,Sapphire,120 hours,"13,500"
Longines,Stainless Steel,Leather,Automatic,30 meters,38.5,9.7,20,Blue,Sapphire,64 hours,"1,800"
Vacheron Constantin,Stainless Steel,Stainless Steel,Automatic,150 meters,41.5,11,22,Blue,Sapphire,40 hours,"19,000"
Frederique Constant,Stainless Steel,Leather,Automatic,50 meters,40,10.6,20,Silver,Sapphire,38 hours,"1,200"
